{
  "mae": 0.029512083565602403,
  "rmse": 0.041406591824444845,
  "adjusted_gap_log": -1.061993226727509e-05
}